"Name","Team","G","PA","HR","R","RBI","SB","BB%","K%","ISO","BABIP","AVG","OBP","SLG","wOBA","wRC+","BsR","Off","Def","WAR","playerid"
"Mike Trout","Angels","139","639","30","129","83","49","10.5 %","21.8 %",".238",".383",".326",".399",".564",".409","167","14.1","64.2","13.0","10.3","10155"
"Buster Posey","Giants","148","610","24","78","103","1","11.3 %","15.7 %",".213",".368",".336",".408",".549",".406","164","-4.6","41.8","13.0","7.7","9166"
"Robinson Cano","Yankees","161","697","33","105","94","3","8.8 %","13.8 %",".238",".326",".313",".379",".550",".394","149","-3.3","36.9","12.6","7.6","3269"
"Chase Headley","Padres","161","699","31","95","115","17","12.3 %","22.5 %",".212",".337",".286",".376",".498",".378","145","2.1","40.0","9.7","7.5","4720"
"David Wright","Mets","156","670","21","91","93","15","12.1 %","16.7 %",".186",".347",".306",".391",".492",".376","141","-0.4","32.5","17.4","7.4","3787"
"Ryan Braun","Brewers","154","677","41","108","112","30","9.3 %","18.9 %",".276",".346",".319",".391",".595",".413","159","2.7","50.7","-2.3","7.3","3410"
"Andrew McCutchen","Pirates","157","673","31","107","96","20","10.4 %","19.6 %",".226",".375",".327",".400",".553",".403","158","4.2","50.7","-6.5","6.8","9847"
"Adrian Beltre","Rangers","156","654","36","95","102","1","5.5 %","12.5 %",".240",".319",".321",".359",".561",".388","142","-0.9","31.1","9.5","6.5","639"
"Jason Heyward","Braves","158","651","27","93","82","21","8.9 %","23.3 %",".210",".319",".269",".335",".479",".351","121","9.7","25.7","15.9","6.5","4940"
"Miguel Cabrera","Tigers","161","697","44","109","139","4","9.5 %","14.1 %",".277",".331",".330",".393",".606",".417","166","-7.3","46.4","-8.2","6.4","1744"
"Michael Bourn","Braves","155","703","9","96","57","42","10.0 %","22.0 %",".117",".349",".274",".348",".391",".326","104","7.8","11.2","25.6","6.2","6387"
"Yadier Molina","Cardinals","138","563","22","65","76","12","8.0 %","9.8 %",".186",".316",".315",".373",".501",".375","138","-5.1","20.6","20.2","6.1","7007"
"Ben Zobrist","Rays","157","668","20","88","74","14","14.5 %","15.4 %",".202",".296",".270",".377",".471",".365","137","-4.3","24.7","8.3","5.8","7435"
"Aramis Ramirez","Brewers","149","630","27","92","105","9","7.0 %","13.0 %",".240",".310",".300",".360",".540",".384","139","-3.9","25.7","7.8","5.6","1002"
"Alex Gordon","Royals","161","721","14","93","72","10","10.1 %","19.4 %",".160",".356",".294",".368",".455",".357","126","-0.6","21.1","7.3","5.5","5209"
"Austin Jackson","Tigers","137","617","16","103","66","12","10.9 %","21.7 %",".179",".371",".300",".377",".479",".371","134","0.5","25.3","5.6","5.4","9848"
"Martin Prado","Braves","156","690","10","81","70","17","8.4 %","10.0 %",".136",".322",".301",".359",".438",".345","117","1.7","15.6","14.0","5.3","3312"
"Aaron Hill","Diamondbacks","156","668","26","93","85","14","7.8 %","12.9 %",".220",".317",".302",".360",".522",".375","133","0.8","26.8","2.8","5.3","6104"
"Torii Hunter","Angels","140","584","16","81","92","9","6.5 %","22.8 %",".139",".389",".313",".365",".451",".356","131","3.9","25.0","4.8","5.2","731"
"Prince Fielder","Tigers","162","690","30","83","108","1","12.3 %","12.2 %",".215",".321",".313",".412",".528",".398","153","-7.4","35.2","-12.3","4.8","4613"
"Jimmy Rollins","Phillies","156","699","23","102","68","30","8.9 %","13.7 %",".177",".262",".250",".316",".427",".322","101","7.7","8.3","14.9","4.7","971"
"Angel Pagan","Giants","154","659","8","95","56","29","7.3 %","14.7 %",".152",".329",".288",".338",".440",".334","115","9.6","21.4","2.6","4.7","2918"
"Ian Desmond","Nationals","130","547","25","72","73","21","5.5 %","20.7 %",".218",".332",".292",".335",".511",".362","128","-0.7","17.2","10.3","4.7","6885"
"Bryce Harper","Nationals","139","597","22","98","59","18","9.4 %","20.1 %",".206",".310",".270",".340",".477",".352","121","1.9","16.6","8.3","4.6","11579"
"Josh Reddick","Athletics","156","673","32","85","85","11","8.2 %","22.4 %",".221",".269",".242",".305",".463",".326","108","4.1","10.3","10.7","4.5","3892"
"Miguel Montero","Diamondbacks","141","573","15","65","88","0","12.7 %","22.7 %",".152",".362",".286",".391",".438",".364","125","-6.1","10.7","14.7","4.5","3364"
"Joe Mauer","Twins","147","641","10","81","85","8","14.0 %","13.7 %",".127",".364",".319",".416",".446",".376","138","-1.4","27.4","-5.5","4.5","1857"
"Matt Holliday","Cardinals","157","688","27","95","102","4","10.9 %","19.2 %",".202",".337",".295",".379",".497",".378","140","-0.7","32.4","-11.0","4.5","1873"
"Dustin Pedroia","Red Sox","141","623","15","81","65","20","7.7 %","9.6 %",".160",".300",".290",".347",".449",".344","114","0.3","10.3","11.7","4.5","8370"
"Josh Hamilton","Rangers","148","636","43","103","128","7","9.4 %","25.5 %",".292",".320",".285",".354",".577",".387","141","4.8","35.5","-14.9","4.4","1875"
"Adam Jones","Orioles","162","697","32","103","82","16","4.9 %","18.1 %",".218",".313",".287",".334",".505",".361","127","0.4","22.4","-4.2","4.3","6368"
"Edwin Encarnacion","Blue Jays","151","644","42","93","110","13","13.0 %","14.6 %",".277",".266",".280",".384",".557",".396","150","2.9","40.7","-21.5","4.3","2151"
"Jose Reyes","Marlins","160","716","11","86","57","40","8.8 %","7.8 %",".146",".298",".287",".347",".433",".335","111","3.6","12.8","4.1","4.1","1736"
"Nick Swisher","Yankees","148","624","24","75","93","2","12.3 %","22.6 %",".201",".324",".272",".364",".473",".363","128","0.5","20.7","-3.4","4.0","4599"
"Alex Rios","White Sox","157","640","25","93","91","23","4.1 %","14.4 %",".212",".323",".304",".334",".516",".361","126","2.3","21.7","-5.6","3.9","2090"
"Matt Wieters","Orioles","144","593","23","67","83","3","10.1 %","18.9 %",".186",".274",".249",".329",".435",".331","107","-5.3","-0.7","18.3","3.9","4298"
"Ryan Zimmerman","Nationals","145","641","25","93","95","5","8.9 %","18.1 %",".196",".313",".282",".346",".478",".352","121","0.2","15.9","1.3","3.9","4220"
"Elvis Andrus","Rangers","158","711","3","85","62","21","8.0 %","13.5 %",".092",".332",".286",".349",".378",".322","97","1.4","-1.2","14.7","3.9","8709"
"David Freese","Cardinals","144","567","20","70","79","3","10.1 %","21.5 %",".174",".352",".293",".372",".467",".365","132","-6.3","15.0","4.1","3.8","9549"
"David Murphy","Rangers","147","521","15","65","61","10","10.4 %","14.2 %",".175",".333",".304",".380",".479",".369","129","0.1","17.6","1.6","3.8","6035"
"Erick Aybar","Angels","141","554","8","67","45","20","4.0 %","11.0 %",".126",".316",".290",".324",".416",".321","107","3.8","8.3","8.6","3.7","4082"
"Albert Pujols","Angels","154","670","30","85","105","8","7.8 %","11.3 %",".231",".282",".285",".343",".516",".360","133","-7.5","18.6","-6.5","3.6","1177"
"Kyle Seager","Mariners","155","651","20","62","86","13","7.1 %","16.9 %",".163",".286",".259",".316",".423",".321","108","-0.5","5.6","7.0","3.6","9785"
"Adam LaRoche","Nationals","154","647","33","76","100","1","10.4 %","21.3 %",".238",".298",".271",".343",".510",".361","127","-1.3","19.2","-5.1","3.6","1904"
"Adrian Gonzalez","- - -","159","684","18","75","108","2","6.1 %","16.1 %",".164",".334",".299",".344",".463",".346","116","-3.4","9.4","2.4","3.6","1908"
"A.J. Pierzynski","White Sox","135","520","27","68","77","0","5.4 %","15.0 %",".223",".280",".278",".326",".501",".351","119","-1.7","9.7","6.7","3.5","746"
"Danny Espinosa","Nationals","160","658","17","82","56","20","7.0 %","28.7 %",".155",".333",".247",".315",".402",".313","94","1.6","-3.2","16.4","3.5","9219"
"Alfonso Soriano","Cubs","151","615","32","68","108","6","7.2 %","24.9 %",".237",".303",".262",".322",".499",".350","117","-3.3","9.4","5.2","3.5","847"
"A.J. Ellis","Dodgers","133","505","13","44","52","0","12.9 %","21.2 %",".144",".329",".270",".373",".414",".341","117","-3.1","7.3","10.3","3.5","5677"
"Mike Moustakas","Royals","149","614","20","69","73","5","6.4 %","20.2 %",".171",".274",".242",".296",".412",".305","90","1.7","-5.5","18.0","3.4","4892"
"Brandon Phillips","Reds","147","623","18","86","77","15","4.5 %","12.7 %",".148",".298",".281",".321",".429",".325","101","1.6","2.6","10.8","3.4","791"
"Denard Span","Twins","128","568","4","71","41","17","8.3 %","10.9 %",".112",".315",".283",".342",".395",".325","104","2.1","4.5","9.4","3.4","8347"
"Josh Willingham","Twins","145","615","35","85","110","3","12.4 %","22.9 %",".264",".287",".260",".366",".524",".380","142","-0.7","29.2","-17.0","3.4","2103"
"Dan Uggla","Braves","154","630","19","86","78","4","14.9 %","26.7 %",".164",".283",".220",".348",".384",".325","104","3.6","6.3","6.5","3.4","3442"
"Jason Kipnis","Indians","152","672","14","86","76","31","10.0 %","16.2 %",".122",".291",".257",".335",".379",".315","100","5.7","6.0","4.0","3.4","9776"
"Desmond Jennings","Rays","132","563","13","85","47","31","8.2 %","21.3 %",".143",".298",".246",".314",".388",".309","98","8.5","7.3","6.0","3.3","1965"
"Carlos Beltran","Cardinals","151","619","32","83","97","13","10.5 %","20.0 %",".227",".291",".269",".346",".495",".355","124","-0.8","17.1","-4.5","3.3","589"
"Melvin Upton Jr.","Rays","146","633","28","79","78","31","7.1 %","26.7 %",".208",".294",".246",".298",".454",".323","108","5.3","11.1","-0.4","3.3","5015"
"Alberto Callaspo","Angels","138","520","10","55","53","4","10.8 %","11.3 %",".109",".268",".252",".331",".361",".308","98","1.7","0.2","12.1","3.1","3336"
"Starlin Castro","Cubs","162","691","14","78","78","25","5.2 %","14.5 %",".147",".315",".283",".323",".430",".323","100","-0.9","-1.3","9.2","3.1","4579"
"Shane Victorino","- - -","154","666","11","72","55","39","8.0 %","12.0 %",".128",".278",".255",".321",".383",".310","94","8.7","3.7","4.4","3.0","1677"
"Paul Goldschmidt","Diamondbacks","145","587","20","82","82","18","10.2 %","22.1 %",".204",".340",".286",".359",".490",".363","124","5.1","22.1","-11.5","3.0","9218"
"Omar Infante","- - -","149","588","12","69","53","17","3.6 %","11.1 %",".144",".291",".274",".300",".419",".310","93","3.5","-1.2","11.2","3.0","1609"
"Ian Kinsler","Rangers","157","731","19","105","72","21","8.2 %","12.3 %",".166",".270",".256",".326",".423",".327","100","3.3","3.5","0.5","3.0","6195"
"Andre Ethier","Dodgers","149","618","20","79","89","2","8.1 %","20.1 %",".176",".333",".284",".351",".460",".350","123","0.4","17.5","-8.6","2.9","6265"
"Carlos Santana","Indians","143","609","18","72","76","3","14.9 %","16.6 %",".168",".278",".252",".365",".420",".344","120","-8.1","6.1","1.8","2.9","2396"
"Yoenis Cespedes","Athletics","129","540","23","70","82","16","8.0 %","18.9 %",".214",".326",".292",".356",".505",".368","136","1.8","24.7","-14.5","2.9","13110"
"Ben Revere","Twins","124","553","0","70","32","40","5.2 %","9.8 %",".049",".325",".294",".333",".342",".300","86","6.1","-2.8","11.6","2.8","4712"
"Mark Teixeira","Yankees","123","524","24","66","84","2","10.3 %","15.8 %",".224",".250",".251",".332",".475",".345","116","-1.4","8.1","1.4","2.8","1281"
"Michael Brantley","Indians","149","609","6","63","60","12","8.7 %","9.2 %",".114",".310",".288",".348",".402",".322","105","1.1","4.9","1.1","2.7","4106"
"Howie Kendrick","Angels","147","594","8","57","67","14","4.9 %","19.4 %",".113",".347",".287",".325",".400",".316","103","-2.1","0.0","6.3","2.7","4229"
"Alejandro De Aza","White Sox","131","585","9","81","50","26","8.0 %","18.6 %",".130",".339",".281",".349",".410",".333","106","1.8","6.2","0.2","2.7","3371"
"Neil Walker","Pirates","129","530","14","62","69","7","8.9 %","19.6 %",".146",".326",".280",".342",".426",".334","112","1.2","8.5","0.5","2.7","7539"
"Curtis Granderson","Yankees","160","684","43","102","106","10","11.0 %","28.5 %",".260",".260",".232",".319",".492",".346","116","5.8","18.5","-15.8","2.7","4747"
"Coco Crisp","Athletics","120","508","11","68","46","39","8.9 %","12.6 %",".158",".280",".259",".325",".418",".324","106","6.5","10.1","-1.6","2.7","1572"
"Derek Jeter","Yankees","159","740","15","99","58","9","6.1 %","12.2 %",".113",".347",".316",".362",".429",".347","117","-3.3","11.4","-10.6","2.6","826"
"Asdrubal Cabrera","Indians","143","616","16","70","68","9","8.4 %","16.1 %",".153",".303",".270",".338",".423",".332","112","-1.6","7.0","-2.3","2.6","4962"
"Hanley Ramirez","- - -","157","667","24","79","92","21","8.1 %","19.8 %",".180",".290",".257",".322",".437",".328","107","0.3","6.1","-1.7","2.6","8001"
"Ichiro Suzuki","- - -","162","663","9","77","55","29","3.3 %","9.2 %",".107",".300",".283",".307",".390",".300","90","4.0","-3.5","6.1","2.6","1101"
"Cody Ross","Red Sox","130","528","22","70","81","2","8.0 %","24.4 %",".214",".317",".267",".326",".481",".345","114","0.8","9.4","-3.1","2.5","1760"
"Jay Bruce","Reds","155","633","34","89","99","9","9.8 %","24.5 %",".263",".283",".252",".327",".514",".352","120","0.7","15.6","-11.6","2.5","9892"
"Allen Craig","Cardinals","119","514","22","76","92","2","7.2 %","17.3 %",".215",".334",".307",".354",".522",".374","137","-4.6","18.2","-10.6","2.5","3433"
"J.J. Hardy","Orioles","158","713","22","85","68","0","5.3 %","14.9 %",".151",".253",".238",".282",".389",".290","78","-2.4","-20.4","19.8","2.4","3797"
"Mark Trumbo","Angels","144","586","32","66","95","4","6.1 %","26.1 %",".222",".316",".268",".317",".491",".346","124","-0.4","15.8","-12.4","2.4","6876"
"Darwin Barney","Cubs","156","588","7","73","44","6","5.6 %","9.9 %",".100",".273",".254",".299",".354",".287","75","4.8","-12.5","17.0","2.4","2430"
"Jhonny Peralta","Tigers","150","585","13","58","63","1","8.4 %","17.9 %",".145",".275",".239",".305",".384",".301","86","-5.2","-14.8","18.0","2.4","1738"
"Michael Saunders","Mariners","139","553","19","71","57","21","7.8 %","23.9 %",".185",".297",".247",".306",".432",".320","108","6.8","11.6","-7.6","2.3","9981"
"Brett Lawrie","Blue Jays","125","536","11","73","48","13","6.2 %","16.0 %",".132",".311",".273",".324",".405",".319","97","-0.1","-1.7","6.3","2.3","5247"
"Nori Aoki","Brewers","151","588","10","81","50","30","7.3 %","9.4 %",".144",".304",".288",".355",".433",".344","113","0.9","9.7","-5.7","2.3","13075"
"Billy Butler","Royals","161","679","29","72","107","2","8.0 %","16.3 %",".197",".341",".313",".373",".510",".377","139","-12.7","18.3","-18.7","2.3","7399"
"Dexter Fowler","Rockies","143","530","13","72","53","12","12.8 %","24.2 %",".174",".390",".300",".389",".474",".375","120","4.6","17.3","-11.9","2.3","4062"
"Shin-Soo Choo","Indians","155","686","16","88","67","21","10.6 %","21.9 %",".159",".353",".283",".373",".441",".359","130","-1.7","22.6","-23.6","2.3","3174"
"Zack Cozart","Reds","138","600","15","72","35","4","5.2 %","18.8 %",".153",".282",".246",".288",".399",".298","83","1.1","-11.0","13.9","2.3","2616"
"Pedro Alvarez","Pirates","149","586","30","64","85","1","9.7 %","30.7 %",".223",".308",".244",".317",".467",".335","112","1.5","10.1","-7.0","2.2","2495"
"Cameron Maybin","Padres","147","561","8","67","45","26","7.8 %","19.6 %",".107",".293",".243",".306",".349",".290","87","6.2","-2.7","6.1","2.2","5223"
"Justin Upton","Diamondbacks","150","628","17","107","67","18","10.0 %","19.3 %",".150",".327",".280",".355",".430",".341","109","3.7","10.8","-9.7","2.2","5222"
"Carlos Gonzalez","Rockies","135","579","22","89","85","20","9.7 %","19.9 %",".207",".352",".303",".371",".510",".374","119","1.8","14.9","-12.6","2.1","7287"
"Chris Davis","Orioles","139","562","33","75","85","2","6.6 %","30.1 %",".231",".335",".270",".326",".501",".352","121","-1.7","11.9","-10.5","2.1","9272"
"Alcides Escobar","Royals","155","648","5","68","52","35","4.2 %","15.4 %",".098",".344",".293",".331",".390",".316","97","7.0","4.8","-6.4","2.1","6310"
"Alex Rodriguez","Yankees","122","529","18","74","57","13","9.6 %","21.9 %",".158",".323",".272",".353",".430",".342","113","0.8","9.1","-7.1","2.1","1274"
"Jamey Carroll","Twins","138","537","1","65","40","9","9.7 %","12.1 %",".049",".306",".268",".343",".317",".299","86","-1.4","-10.0","11.6","2.0","1591"
"Paul Konerko","White Sox","144","598","26","66","75","0","9.4 %","13.9 %",".188",".312",".298",".371",".486",".371","132","-6.9","15.8","-16.6","2.0","242"
"Marco Scutaro","- - -","156","683","7","87","74","9","5.9 %","7.2 %",".098",".319",".306",".348",".405",".329","98","1.3","-0.2","-2.0","2.0","1555"
"Corey Hart","Brewers","149","622","30","91","83","5","7.1 %","24.3 %",".237",".318",".270",".334",".507",".358","122","-0.7","15.9","-16.3","2.0","1945"
"Adam Dunn","White Sox","151","649","41","87","96","2","16.2 %","34.2 %",".263",".246",".204",".333",".468",".346","115","-2.0","9.8","-12.5","2.0","319"
"Alexei Ramirez","White Sox","158","621","9","59","73","20","2.6 %","12.4 %",".099",".290",".265",".287",".364",".282","72","3.2","-17.4","15.4","2.0","5133"
"Freddie Freeman","Braves","147","620","23","91","94","2","10.3 %","20.8 %",".196",".295",".259",".340",".456",".342","115","-1.3","9.9","-13.0","1.7","5361"
"Hunter Pence","- - -","160","688","24","87","104","5","8.1 %","21.1 %",".172",".290",".253",".319",".425",".323","103","1.6","4.2","-10.0","1.6","8252"
"Dustin Ackley","Mariners","153","668","12","84","50","13","8.8 %","18.6 %",".102",".265",".226",".294",".328",".274","75","6.4","-12.7","5.7","1.6","10099"
"Garrett Jones","Pirates","145","515","27","68","86","2","6.4 %","20.0 %",".242",".293",".274",".317",".516",".352","124","-0.6","14.0","-15.1","1.6","2714"
"Mike Aviles","Red Sox","136","546","13","57","60","14","4.2 %","14.1 %",".131",".269",".250",".282",".381",".288","75","3.0","-13.1","9.7","1.5","5986"
"Kendrys Morales","Angels","134","522","22","61","73","0","5.9 %","22.2 %",".194",".315",".273",".320",".467",".339","119","-4.4","7.1","-9.7","1.5","8610"
"Jason Kubel","Diamondbacks","141","571","30","75","90","1","10.0 %","26.4 %",".253",".296",".253",".327",".506",".352","117","-3.3","8.0","-11.1","1.5","2161"
"Jose Altuve","Astros","147","630","7","80","37","33","6.3 %","11.7 %",".109",".321",".290",".340",".399",".325","102","3.6","5.4","-11.3","1.4","5417"
"Daniel Murphy","Mets","156","612","6","62","65","10","5.9 %","13.4 %",".112",".329",".291",".332",".403",".318","102","2.1","3.7","-9.5","1.4","4316"
"Drew Stubbs","Reds","136","544","14","75","40","30","7.7 %","30.5 %",".120",".290",".213",".277",".333",".271","65","8.9","-13.8","9.1","1.3","9328"
"David DeJesus","Cubs","148","582","9","76","50","7","10.5 %","15.3 %",".140",".301",".263",".350",".403",".332","105","-2.6","1.1","-8.0","1.2","1825"
"Yunel Escobar","Blue Jays","145","608","9","58","51","5","5.8 %","11.5 %",".091",".273",".253",".300",".344",".284","73","-0.9","-19.8","10.8","1.2","4191"
"Yonder Alonso","Padres","155","619","9","47","62","3","10.0 %","16.3 %",".120",".318",".273",".348",".393",".323","108","-6.3","-0.1","-8.2","1.1","2530"
"Nelson Cruz","Rangers","159","642","24","86","90","8","7.5 %","21.8 %",".200",".301",".260",".319",".460",".335","106","-3.7","0.8","-11.2","1.1","2434"
"Kevin Youkilis","- - -","122","509","19","72","60","0","10.0 %","21.2 %",".174",".268",".235",".336",".409",".328","103","-3.3","-1.4","-5.1","1.1","1935"
"Chris Johnson","- - -","136","528","15","48","76","5","5.9 %","25.0 %",".170",".354",".281",".326",".451",".334","108","-3.6","1.3","-7.7","1.0","1191"
"Rickie Weeks Jr.","Brewers","157","677","21","85","63","16","10.9 %","25.0 %",".170",".285",".230",".328",".400",".321","97","5.3","3.1","-14.6","1.0","1849"
"Ike Davis","Mets","156","584","32","66","90","0","10.4 %","24.1 %",".235",".246",".227",".308",".462",".331","111","-2.9","4.8","-13.5","1.0","8433"
"Ryan Doumit","Twins","134","528","18","56","75","0","5.5 %","18.6 %",".186",".306",".275",".320",".461",".332","109","-5.8","-0.5","-7.8","1.0","2113"
"Colby Rasmus","Blue Jays","151","625","23","75","75","4","7.5 %","23.8 %",".177",".259",".223",".289",".400",".297","82","-1.0","-13.8","2.1","0.9","9893"
"Gordon Beckham","White Sox","151","582","16","62","60","5","6.9 %","15.3 %",".137",".254",".234",".296",".371",".295","80","-1.3","-14.8","3.7","0.9","9015"
"Carlos Pena","Rays","160","600","19","72","61","2","14.5 %","30.3 %",".157",".264",".197",".330",".354",".309","98","-4.1","-5.2","-7.7","0.7","934"
"Rafael Furcal","Cardinals","121","531","5","69","49","12","8.3 %","10.7 %",".082",".289",".264",".325",".346",".298","86","2.0","-6.8","-4.2","0.6","88"
"Kelly Johnson","Blue Jays","142","581","16","61","55","14","10.7 %","27.4 %",".140",".292",".225",".313",".365",".299","84","0.8","-10.3","-5.2","0.4","2234"
"Dayan Viciedo","White Sox","147","543","25","64","78","0","5.2 %","22.1 %",".188",".286",".255",".300",".444",".321","98","-6.3","-7.4","-10.2","0.0","3917"
"Justin Morneau","Twins","134","570","19","63","77","1","8.6 %","17.9 %",".172",".294",".267",".333",".440",".330","107","-5.7","-1.0","-18.0","0.0","1737"
"Carlos Lee","- - -","147","615","9","53","77","3","9.4 %","8.0 %",".102",".273",".264",".332",".365",".307","91","-3.4","-9.9","-9.7","-0.1","243"
"Mark Reynolds","Orioles","135","538","23","65","69","1","13.6 %","29.6 %",".208",".282",".221",".335",".429",".335","109","-2.7","3.0","-21.5","-0.1","7619"
"Jemile Weeks","Athletics","118","511","2","54","20","16","9.8 %","13.7 %",".083",".256",".221",".305",".304",".276","73","1.9","-14.2","-6.1","-0.3","2498"
"Jesus Montero","Mariners","135","553","15","46","62","0","5.2 %","17.9 %",".126",".292",".260",".298",".386",".295","90","-7.6","-13.8","-9.0","-0.5","5514"
"Justin Smoak","Mariners","132","535","19","49","51","1","9.2 %","20.7 %",".147",".242",".217",".290",".364",".288","85","-5.5","-14.8","-8.6","-0.6","9054"
"Jordan Pacheco","Rockies","132","505","5","51","54","7","4.4 %","12.1 %",".112",".344",".309",".341",".421",".330","90","-1.6","-7.7","-13.9","-0.6","2677"
"Delmon Young","Tigers","151","608","18","54","74","0","3.3 %","18.4 %",".145",".299",".267",".296",".411",".305","89","-5.6","-13.5","-18.0","-1.2","2140"
"Jeff Francoeur","Royals","148","603","16","58","49","4","5.6 %","19.7 %",".143",".272",".235",".287",".378",".285","76","-4.1","-20.8","-12.5","-1.4","4792"
"Brennan Boesch","Tigers","132","503","12","52","54","6","5.2 %","20.7 %",".132",".284",".240",".286",".372",".288","77","0.5","-13.1","-17.5","-1.5","914"
"Eric Hosmer","Royals","152","598","14","65","60","16","9.4 %","15.9 %",".127",".255",".232",".304",".359",".291","80","2.8","-11.0","-25.4","-1.7","3516"
"Michael Young","Rangers","156","651","8","79","67","2","5.1 %","10.8 %",".093",".299",".277",".312",".370",".297","79","-6.7","-22.3","-18.6","-2.0","1286"
